175875,175888,follows
175888,175875,followed by
289632,408997,followed by
289632,1659843,followed by
291400,409050,followed by
307096,721208,followed by
408997,289632,follows
408997,1659843,follows
409050,291400,follows
408997,289632,follows
408997,1659843,follows
409050,291400,follows
408997,289632,follows
408997,1659843,follows
409050,291400,follows
543201,543223,remake of
718410,1109618,follows
718410,1109631,follows
718410,1109647,follows
721208,307096,follows
731506,1545522,followed by
778356,1584273,followed by
785790,1998681,followed by
790360,2032333,follows
917466,917480,followed by
917480,917466,follows
934831,934911,followed by
934911,934831,follows
980573,980576,followed by
980573,980578,followed by
980573,980575,follows
980575,980573,followed by
980575,980576,followed by
980575,980578,followed by
980576,980578,followed by
980576,980573,follows
980576,980575,follows
980578,980573,follows
980578,980575,follows
980578,980576,follows
996724,1066168,followed by
996724,1066187,followed by
996724,1066196,followed by
1005316,2465467,follows
1066168,996724,follows
1066187,996724,follows
1066187,1066196,follows
1066196,1066187,followed by
1066196,996724,follows
1109618,718410,followed by
1109618,1109647,followed by
1109618,1109631,follows
1109631,718410,followed by
1109631,1109618,followed by
1109631,1109647,followed by
1109647,718410,followed by
1109647,1109618,follows
1109647,1109631,follows
1467885,1467903,followed by
1467903,1467885,follows
1545522,731506,follows
1584273,778356,follows
1593119,2415962,follows
1624341,1865755,followed by
1648809,1703077,followed by
1659843,408997,followed by
1659843,289632,follows
1693121,1714873,followed by
1693121,1810173,followed by
1699548,1923367,followed by
1703077,1648809,follows
1714873,1810173,followed by
1714873,1693121,follows
1776690,1811645,follows
1813469,1813470,followed by
1813470,1813469,follows
1810173,1693121,follows
1810173,1714873,follows
1810394,1815050,follows
1810394,1986558,follows
1810394,1993001,follows
1811428,1811430,followed by
1811430,1811428,follows
1811546,1812768,follows
1811645,1776690,followed by
1812768,1811546,followed by
1813388,1813389,followed by
1813389,1813388,follows
1814528,1814529,followed by
1814529,1814528,follows
1814962,1828255,follows
1814986,1992370,follows
1815050,1810394,followed by
1815050,1986558,followed by
1815050,2022459,followed by
1815050,1993001,follows
1816243,2424174,followed by
1816253,1987896,remake of
1816487,1816488,followed by
1816488,1816487,follows
1828255,1814962,followed by
1829743,1829744,follows
1829744,1829743,followed by
1858631,2455766,follows
1865755,1624341,follows
1915006,2454604,followed by
1923367,1699548,follows
1944315,2009639,follows
1955928,1955929,remake of
1965137,1965138,follows
1965138,1965137,followed by
1970048,1989225,follows
1986345,1996357,follows
1986558,1810394,followed by
1986558,2022459,followed by
1986558,1815050,follows
1986558,1993001,follows
1989225,1970048,followed by
1989633,2091553,followed by
1989633,2141787,followed by
1991499,1997420,followed by
1991499,2003556,followed by
1991499,2138463,followed by
1992370,1814986,followed by
1993001,1810394,followed by
1993001,1815050,followed by
1993001,1986558,followed by
1993001,2022459,followed by
1996357,1986345,followed by
1997420,2003556,followed by
1997420,2138463,followed by
1997420,1991499,follows
1998681,785790,follows
1998780,2009552,follows
2003345,2003346,followed by
2003346,2003345,follows
2003556,2138463,followed by
2003556,1991499,follows
2003556,1997420,follows
2009552,1998780,followed by
2009639,1944315,followed by
2022459,1815050,follows
2022459,1986558,follows
2022459,1993001,follows
2032333,790360,followed by
2033850,2146284,follows
2033850,2146285,follows
2046499,2465585,followed by
2091553,1989633,follows
2091553,2141787,follows
2138463,1991499,follows
2138463,1997420,follows
2138463,2003556,follows
2141787,2091553,followed by
2141787,1989633,follows
2146284,2033850,followed by
2146284,2146285,followed by
2146285,2033850,followed by
2146285,2146284,follows
2233084,2269996,follows
2269996,2233084,followed by
2382970,2382971,followed by
2382970,2382972,followed by
2382971,2382972,followed by
2382971,2382970,follows
2382972,2382970,follows
2382972,2382971,follows
2415962,1593119,followed by
2421622,2421623,followed by
2421622,2421624,follows
2421623,2421622,follows
2421623,2421624,follows
2421624,2421622,followed by
2421624,2421623,followed by
2424174,1816243,follows
2452956,2032520,remake of
2454604,1915006,follows
2455766,1858631,followed by
2465467,1005316,followed by
2465585,2046499,follows
